id,title,description,image_link,link,product_type,brand,price,availability,item_group_id,checkout_url,additional_image_link,sale_price_effective_date,sale_price,condition,visibility,default_product,variant
wc_post_id_932,"ViÃªn uá»‘ng tÄƒng chiá»u cao GH-Greation","GIá»šI THIá»†U CHUNG 
 
 
 
 
 
Chiá»u cao khiÃªm tá»‘n, khÃ´ng chá»‰ khiáº¿n báº¡n máº¥t tá»± tin vá» vÃ³c dÃ¡ng mÃ  nÃ³ cÃ²n áº£nh hÆ°á»Ÿng Ä‘áº¿n sá»± phÃ¡t triá»ƒn toÃ n diá»‡n vá» thá»ƒ cháº¥t vÃ  sá»©c khá»e. VÃ¬ tháº¿, viá»‡c tÃ¬m hiá»ƒu nhá»¯ng nguyÃªn nhÃ¢n dáº«n Ä‘áº¿n chiá»u cao háº¡n cháº¿ sáº½ giÃºp báº¡n cÃ³ cÃ¡ch kháº¯c phá»¥c tá»‘t nháº¥t. 
 
Thá»±c Pháº©m Chá»©c nÄƒng GH Creation cá»§a Nháº­t Báº£n giÃºp báº¡n tÄƒng chiá»u cao cho dÃ¹ báº¡n Ä‘ang á»Ÿ Ä‘á»™ tuá»•i 25. GH Creation Ä‘ang ráº¥t Ä‘Æ°á»£c ngÆ°á»i tiÃªu dÃ¹ng kháº¯p tháº¿ giá»›i quan tÃ¢m. 
 
GH lÃ  tÃªn viáº¿t táº¯t cá»§a Growth Hormone. Con ngÆ°á»i tá»« khi sinh ra Ä‘áº¿n giai Ä‘oáº¡n phÃ¡t triá»ƒn gá»“m cÃ³ hÆ¡n 100 loáº¡i hocmone duy trÃ¬ má»i hoáº¡t Ä‘á»™ng cá»§a cÆ¡ thá»ƒ báº¡n giÃºp cuá»™c sá»‘ng lÃ nh máº¡nh hÆ¡n. Growth Hormone lÃ  yáº¿u tá»‘ Ä‘áº§u tiÃªn quan trá»ng nháº¥t cáº§n thiáº¿t Ä‘á»ƒ phÃ¡t triá»ƒn chiá»u cao. 
 
Thá»±c pháº©m chá»©c nÄƒng há»— trá»£ tÄƒng chiá»u cao GH Creation cá»§a Nháº­t lÃ  sá»± káº¿t há»£p hoÃ n háº£o giá»¯a cÃ¡c thÃ nh pháº§n dinh dÆ°á»¡ng giÃºp phÃ¡t triá»ƒn chiá»u cao tuyá»‡t Ä‘á»‘i phÃ¹ há»£p vá»›i cÃ¡c Ä‘á»™ tuá»•i nháº¥t lÃ  Ä‘á»™ tuá»•i tá»« 10-30 tuá»•i. Sáº£n pháº©m lÃ  giáº£i phÃ¡p hoÃ n háº£o giÃºp báº¡n tÄƒng chiá»u cao má»™t cÃ¡ch tá»± nhiÃªn nháº¥t mÃ  khÃ´ng há» áº£nh hÆ°á»Ÿng tá»›i sá»©c khá»e vÃ  sinh hoáº¡t hÃ ng ngÃ y cá»§a báº¡n. 
 
 
ViÃªn Uá»‘ng TÄƒng Chiá»u Cao GH Creation CÃ³ Nguá»“n Gá»‘c Tá»« ÄÃ¢u? 
 
 
  GH Creation Ä‘Æ°á»£c Ä‘iá»u cháº¿ vÃ  sáº£n xuáº¥t táº¡i nhÃ  mÃ¡y liÃªn doanh thuá»™c táº­p Ä‘oÃ n AFC Efushi cÃ³ trá»¥ sá»Ÿ táº¡i Tá»‰nh Shizuoka, Nháº­t Báº£n 
  AFC Efushi Group Ä‘Ã£ tá»«ng Ä‘Æ°á»£c cÃ¡c tÃ­n Ä‘á»“ lÃ m Ä‘áº¹p am hiá»ƒu vá» má»¹ pháº©m cá»§a Nháº­t biáº¿t Ä‘áº¿n 2 loáº¡i kem dÆ°á»¡ng chiáº¿t xuáº¥t táº¿ bÃ o gá»‘c AFC Fine Repair Veil vÃ  Beau Avec. GH Creation cÅ©ng chÃ­nh lÃ  má»™t sáº£n pháº©m do AFC Efushi Group phÃ¡t triá»ƒn. 
  Sáº£n pháº©m GH Creation Ä‘Æ°á»£c cÃ´ng ty Eternal cÃ³ trá»¥ sá»Ÿ táº¡i Sugamo, Toshima-ku, Tokyo, Nháº­t Báº£n phÃ¢n phá»‘i Ä‘á»™c quyá»n 
  GH Creation Ä‘Æ°á»£c Ä‘iá»u cháº¿ vÃ  sáº£n xuáº¥t táº¡i nhÃ  mÃ¡y liÃªn doanh thuá»™c táº­p Ä‘oÃ n AFC Efushi 
  Sáº£n pháº©m GH CreationÂ  Ä‘Æ°á»£c cáº¥p 02 báº±ng sÃ¡ng cháº¿ lÃ  Bonpeppu vÃ  Purotetaito 
  GH-creation Ä‘Æ°á»£c cáº¥p Giáº¥y chá»©ng nháº­n ÄÄƒng kÃ½ nhÃ£n hÃ ng Ä‘Æ°á»£c lÆ°u hÃ nh trÃªn thá»‹ trÆ°á»ng bá»Ÿi Cá»¥c TiÃªu dÃ¹ng Nháº­t Báº£n ngÃ y 13/02/2014 
 
  
 
 
THÃ€NH PHáº¦N 
 
 
  GH Creation cÃ³ chá»©a cÃ¡c gá»‘c Î±-GPC (glycerophosphocholine) lÃ  má»™t cháº¥t dinh dÆ°á»¡ng sinh há»c khÃ´ng thá»ƒ thiáº¿u cho hoáº¡t Ä‘á»™ng phÃ¡t triá»ƒn vÃ  Ä‘á»i sá»‘ng cá»§a con ngÆ°á»i. 
  Axit amin thiáº¿t yáº¿u 'arginine', cÃ³ tÃ¡c dá»¥ng thÃºc Ä‘áº©y sá»± phÃ¡t triá»ƒn cá»§a hormone tÄƒng chiá»u cao. 
  Bonpeppu, Purotetaito, Coral Canxi,... 
 
CÃ”NG Dá»¤NG 
 
 
  GH Creation chá»©a hormone tÄƒng chiá»u cao lÃ  cháº¿ pháº©m tá»•ng há»£p báº±ng cÃ´ng nghá»‡ sinh há»c tÃ¡i tá»• há»£p gen ngÆ°á»i. Human growth hormone lÃ  thÃ nh pháº§n Ä‘Æ°á»£c dÃ¹ng Ä‘á»ƒ Ä‘iá»u trá»‹ má»™t sá»‘ bá»‡nh á»Ÿ ngÆ°á»i trong Ä‘Ã³ cÃ³ lÃ m tÄƒng chiá»u cao dÃ¹ng cho tráº» em tuá»•i Ä‘ang lá»›n cÃ³ chiá»u cao khiÃªm tá»‘n do thiáº¿u GH (Ä‘Ã£ Ä‘Æ°á»£c xÃ¡c Ä‘á»‹nh cháº¯c cháº¯n cÃ³ ná»“ng Ä‘á»™ GH mÃ¡u tháº¥p báº±ng xÃ©t nghiá»‡m). 
  GH lÃ  sáº£n pháº©m há»— trá»£ tÄƒng trÆ°á»Ÿng dÃ¹ng Ä‘á»ƒ há»— trá»£ Ä‘iá»u trá»‹ giÃºp tÄƒng chiá»u cao cho tráº» Ä‘ang trong Ä‘á»™ tuá»•i dáº­y thÃ¬ cÃ³ chiá»u cao khiÃªm tá»‘n so vá»›i báº¡n bÃ¨ cÃ¹ng chÄƒng lá»©a bá»Ÿi thiáº¿u GH 
  KÃ­ch thÃ­ch kháº£ nÄƒng tÄƒng trÆ°á»Ÿng giÃºp mÃ´ sá»¥n Ä‘áº§u xÆ°Æ¡ng dÃ i ra vÃ  cá»‘t hÃ³a trÆ°á»›c Ä‘á»™ tuá»•i trÆ°á»Ÿng thÃ nh. 
  ViÃªn uá»‘ng tÄƒng chiá»u cao GH Creation tÄƒng trung bÃ¬nh 2-5 cm tÃ¹y vÃ o cÆ¡ Ä‘á»‹a má»—i ngÆ°á»i, Ä‘á»™ tuá»•i, kháº£ nÄƒng háº¥p thá»¥ cá»§a cÆ¡ thá»ƒ. NgoÃ i cÃ´ng dá»¥ng giÃºp tÄƒng chiá»u cao hiá»‡u quáº£, nhanh chÃ³ng GH Creation cÃ²n lÃ m tÄƒng Ä‘á»™ Ä‘Ã n há»“i cho da vÃ  tÄƒng Ä‘á»™ dÃ y da. 
  DÃ¹ng GH Creation lÃ  cÃ¡ch tÄƒng chiá»u cao tá»± nhiÃªn vÃ  an toÃ n. GH Creation Nháº­t Báº£n lÃ  sá»± lá»±a chá»n hoÃ n háº£o cho ai muá»‘n phÃ¡t triá»ƒn chiá»u cao. 
  Äá»“ng thá»i GH Creation cÃ²n giÃºp cáº£i thiá»‡n chá»©c nÄƒng miá»…n dá»‹ch vÃ  cáº£i thiá»‡n lÃ m lÃ nh váº¿t thÆ°Æ¡ng rÃºt ngÄƒn thá»i gian phá»¥c há»“i cháº¥n thÆ°Æ¡ng hoáº·c pháº«u thuáº­t. 
 
  
 
 
 
HÆ¯á»šNG DáºªN Sá»¬ Dá»¤NG 
 
 
  Liá»‡u trÃ¬nh uá»‘ng cá»§a TPCN tÄƒng chiá»u cao GH Creation trong 3 thÃ¡ng, cÃ³ thá»ƒ sá»­ dá»¥ng 3 liá»‡u trÃ¬nh trong 1 nÄƒm. TÃ¹y vÃ o cÆ¡ Ä‘á»‹a vÃ  kháº£ nÄƒng háº¥p thá»¥ cá»§a tá»«ng ngÆ°á»i cÃ³ thá»ƒ tÄƒng tá»« 2-5cm. 
  DÃ¹ng 3 viÃªn/ngÃ y, uá»‘ng trÆ°á»›c khi Ä‘i ngá»§ trong khoáº£ng 21h-22h. Thá»i gian viÃªn uá»‘ng tÄƒng chiá»u cao GH háº¥p thá»¥ tá»‘t nháº¥t lÃ  23h-2h sÃ¡ng. 
  Äá»ƒ Ä‘áº¡t hiá»‡u quáº£ tá»‘i Æ°u cáº§n: Ngá»§ Ä‘á»§ 7-8 tiáº¿ng/ngÃ y, luyá»‡n táº­p thá»ƒ dá»¥c thá»ƒ thao Ã­t nháº¥t 30 phÃºt má»—i ngÃ y Ä‘á»ƒ thÃºc Ä‘áº©y trao Ä‘á»•i cháº¥t vÃ  cÃ³ thá»ƒ kÃ©o giÃ£n xÆ°Æ¡ng. 
  Thá»±c hiá»‡n cháº¿ Ä‘á»™ Äƒn khoa há»c, Ä‘áº§y Ä‘á»§ canxi, protein vÃ  vitamin.",https://nawanashop.com/wp-content/uploads/2020/09/51e125eqWoL._AC_SL1073_.jpg,https://nawanashop.com/sáº£n pháº©m/vien-uong-tang-chieu-cao-gh-greation/,"Sáº¢N PHáº¨M CHá»¨C NÄ‚NG CHO BÃ‰","NawanaShop",990000VND,in stock,wc_post_id_932,https://nawanashop.com/472-2/?add-to-cart=932,"https://nawanashop.com/wp-content/uploads/2020/09/61omJVVe0L._AC_SL1280_.jpg,https://nawanashop.com/wp-content/uploads/2020/09/116422647_117471540057326_834629014427227865_n.jpg,https://nawanashop.com/wp-content/uploads/2020/09/116735018_117471520057328_4505470415261461694_n.jpg",1970-01-29T00:00+00:00/1970-01-30T23:59+00:00,990000VND,new,published,,
wc_post_id_921,"Sá»¯a táº¯m gá»™i Arau Baby 450ml","Sá»¯aÂ Táº¯m gá»™i toÃ n thÃ¢n arau baby 450mlÂ vá»›i chiáº¿t xuáº¥t 100% tá»« tháº£o má»™c tá»± nhiÃªn sáº½ mang láº¡i nhá»¯ng giÃ¢y phÃºt thÆ° giÃ£n khi táº¯m, báº£o vá»‡ lÃ n da má»ng manh cá»§a tráº» nhá». Cho bÃ© lÃ n da sáº¡ch khuáº©n vÃ  má»m máº¡i. Sáº£n pháº©m sá»¯a táº¯m cho bÃ© khÃ´ng chá»©a phá»¥ gia hay cÃ¡c cháº¥t táº¡o mÃ u, táº¡o mÃ¹i, Ä‘áº£m báº£o an toÃ n tuyá»‡t Ä‘á»‘i, giÃºp cÃ¡c bÃ  máº¹ yÃªn tÃ¢m hÆ¡n khi lÃ m vá»‡ sinh cho con mÃ¬nh. 
Äáº·c Ä‘iá»ƒm ná»•i báº­t cá»§a táº¯m gá»™i toÃ n thÃ¢n arau baby 450ml 
100% thÃ nh pháº§n tá»± nhiÃªn 
 
â€“ ÄÆ°á»£c chiáº¿t xuáº¥t tá»« cÃ¡c loáº¡i tháº£o má»™c, khÃ´ng chá»©a phá»¥ gia tá»•ng há»£p, nÃ¢ng niu cho lÃ n da nháº¡y cáº£m cá»§a bÃ©. 
 
â€“ ThÃ nh pháº§n:Â  NÆ°á»›c cáº¥t, potassium soap base, glycerin, tinh dáº§u hoa oáº£i hÆ°Æ¡ng, tinh dáº§u chanh, chiáº¿t xuáº¥t lÃ¡ tÃ­a tÃ´, chiáº¿t xuáº¥t lÃ¡ hÆ°Æ¡ng tháº£o, BG. 
 
â€“ Sá»¯a Táº¯m Bá»t Arau Baby lÃ  loáº¡i sá»¯a táº¯m bá»t hoÃ n toÃ n nguyÃªn cháº¥t tá»± nhiÃªn, khÃ´ng chá»©a thÃ nh pháº§n hÃ³a cháº¥t cÃ³ kháº£ nÄƒng gÃ¢y kÃ­ch á»©ng da thÆ°á»ng Ä‘Æ°á»£c tháº¥y trong cÃ¡c loáº¡i xÃ  phÃ²ng táº¯m thÃ´ng thÆ°á»ng khÃ¡c nhÆ° phá»‘t phÃ¡t, edentate, mÃ¹i hÆ°Æ¡ng tá»•ng há»£p, mÃ u tá»•ng há»£p hay cháº¥t báº£o quáº£n. 
 
â€“ Táº¯m gá»™i Arau Baby táº¡o cáº£m giÃ¡c má»m máº¡i tá»± nhiÃªn trÃªn da cá»§a bÃ©, Ä‘á»ƒ láº¡i trÃªn da bÃ© mÃ¹i hÆ°Æ¡ng thoang thoáº£ng dá»‹u dÃ ng Ä‘Ã¡ng yÃªu cá»§a tháº£o má»™c suá»‘t ngÃ y. 
 
KhÃ´ng chá»©a phá»¥ gia táº¡o hÆ°Æ¡ng tá»•ng há»£p 
 
â€“ Sáº£n pháº©m khÃ´ng chá»©a cháº¥t phá»¥ gia, khÃ´ng gÃ¢y kÃ­ch á»©ng vÃ  Ä‘áº£m báº£o an toÃ n cho lÃ n nháº¡y cáº£m cá»§a tráº» nhá». 
 
â€“ LÃ n bá»t dÃ y má»‹n ti li vá»«a nháº¹ nhÃ ng lÃ m sáº¡ch lÃ n da nháº¡y cáº£m vÃ  tÃ³c bÃ©, vá»«a cho bÃ© cáº£m giÃ¡c thoáº£i mÃ¡i vui Ä‘Ã¹a khi táº¯m; da bÃ© sáº½ khÃ´ng bá»‹ kÃ­ch á»©ng vÃ¬ hÃ³a cháº¥t tá»•ng há»£p, láº¡i luÃ´n Ä‘Æ°á»£c giá»¯ má»m máº¡i, sáº¡ch sáº½ vá»›i hÆ°Æ¡ng thÆ¡m tá»± nhiÃªn cá»§a tháº£o má»™c. 
 
â€“ KhÃ´ng lÃ m cay máº¯t, an toÃ n cho lÃ n da nháº¡y cáº£m cá»§a bÃ©. 
 
â€“ Dung tÃ­ch: 450ml 
 
â€“ DÃ¹ng cho bÃ© tá»« sÆ¡ sinh trá»Ÿ lÃªn 
 
â€“ Xuáº¥t xá»©: Nháº­t Báº£n 
 
HÆ°á»›ng dáº«n sá»­ dá»¥ng 
 
LÃ m Æ°á»›t cÆ¡ thá»ƒ bÃ© trÆ°á»›c khi cho má»™t lÆ°á»£ng vá»«a Ä‘á»§ bá»t nÆ°á»›c táº¯m ARAU BABY, xoa Ä‘á»u lÃªn da. (Táº¯m káº¿t há»£p vá»›i massage Ä‘á»ƒ Ä‘áº¡t hiá»‡u quáº£ tá»‘i Ä‘a cho bÃ©). Sau Ä‘Ã³ táº¯m láº¡i vá»›i nÆ°á»›c sáº¡ch.",https://nawanashop.com/wp-content/uploads/2020/09/sua-tam-cho-be-arau-baby-450ml-4.jpg,https://nawanashop.com/sáº£n pháº©m/sua-tam-goi-arau-baby-450ml/,"Sá»®A Táº®M","NawanaShop",210000VND,in stock,wc_post_id_921,https://nawanashop.com/472-2/?add-to-cart=921,"https://nawanashop.com/wp-content/uploads/2020/09/116289971_117471080057372_3181676058646232984_n.jpg,https://nawanashop.com/wp-content/uploads/2020/09/116334754_117471053390708_7937486708275327237_n.jpg,https://nawanashop.com/wp-content/uploads/2020/09/sua-tam-cho-be-arau-baby-450ml-5.jpg,https://nawanashop.com/wp-content/uploads/2020/09/sua-tam-cho-be-arau-baby-450ml-6.jpg",1970-01-29T00:00+00:00/1970-01-30T23:59+00:00,210000VND,new,published,,
JPCN001_914,"VIÃŠN Uá»NG DHC Dáº¦U HOA Há»’NG THÆ M CÆ  THá»‚","ğŸ˜¡Â MÃ¹i hÃ´i cÆ¡ thá»ƒ khÃ³ chá»‹u - lÃ m mÃ¬nh máº¥t tá»± tin khi ra Ä‘Æ°á»ng. Ngáº¡i láº¡i gáº§n ngÆ°á»i khÃ¡c! 
â€¼ï¸ÄÃ£ cÃ³ DHC thÆ¡m ngÆ°á»i - toáº£ hÆ°Æ¡ng cÆ¡ thá»ƒ Ä‘á»ƒ cÆ¡ thá»ƒ cÃ³ mÃ¹i thÆ¡m thoang thoáº£ng mÃ  k cáº§n dÃ¹ng Ä‘áº¿n nÆ°á»›c hoaÂ ğŸ˜Œ 
â¤Â VIÃŠN Uá»NG DHC Dáº¦U HOA Há»’NG THÆ M CÆ  THá»‚ 20 NGÃ€Y / 40 viÃªn 
ğŸ‘ŒğŸ»LÃ m thay Ä‘á»•i thÃ nh pháº§n gÃ¢y mÃ¹i hÃ´i cÃ³ trong tuyáº¿n má»“ hÃ´i giÃºp cÆ¡ thá»ƒ thÆ¡m tho sau tá»« 2-3 giá» uá»‘ng. TrÆ°á»›c khi Ä‘i táº­p uá»‘ng em nÃ y Ä‘á»ƒ toáº£ má»“ hÃ´i thÃ nh mÃ¹i thÆ¡m nÃ oÂ ğŸ¤£ğŸ¤£ğŸ¤£ 
ğŸ‘ŒğŸ»GiÃºp á»•n Ä‘á»‹nh lÆ°á»£ng tiáº¿t tá»‘, táº¡o nÃªn mÃ¹i hÆ°Æ¡ng hoa há»“ng nháº¹ nhÃ ng, Ä‘áº·c trÆ°ng ngay cáº£ khi báº¡n váº­n Ä‘á»™ng nhiá»u vÃ  lÃ m nÃ³ng cÆ¡ thá»ƒ. 
ğŸ‘ŒğŸ»Â LÃ m sáº¡ch Ä‘Æ°á»ng ruá»™t, thanh lá»c vÃ  giáº£i Ä‘á»™c. 
ğŸ‘«ThÃ­ch há»£p cho cáº£ nam vÃ  ná»¯. 
â­ï¸â­ï¸HÆ°á»›ng dáº«n sá»­ dá»¥ng : 
- DÃ¹ng má»—i láº§n 1 viÃªn. 
- Má»—i ngÃ y uá»‘ng 2 viÃªn. 
- NÃªn uá»‘ng sau bá»¯a Äƒn Ä‘á»ƒ cÃ³ cÃ´ng dá»¥ng tá»‘t nháº¥t",https://nawanashop.com/wp-content/uploads/2020/09/61ecMjArTL._AC_SL1000_.jpg,https://nawanashop.com/sáº£n pháº©m/vien-uong-dhc-dau-hoa-hong-thom-co-the/,"KEM DÆ¯á» NG DA, Sáº¢N PHáº¨M CHá»¨C NÄ‚NG CHO BÃ‰","NawanaShop",349000VND,in stock,JPCN001_914,https://nawanashop.com/472-2/?add-to-cart=914,"https://nawanashop.com/wp-content/uploads/2020/09/41djRCeVaL._AC_SL1000_.jpg,https://nawanashop.com/wp-content/uploads/2020/09/111999228_116928443444969_5913842584683357252_n.jpg",1970-01-29T00:00+00:00/1970-01-30T23:59+00:00,349000VND,new,published,,
JPDD007_879,"VIÃŠN TRÄ¨ ÄÃšT Háº¬U MÃ”N CHá»® A NHáº¬T Báº¢N","#VIÃŠN_TRÄ¨ ÄÃšT Háº¬U MÃ”N CHá»® A NHáº¬T Báº¢N 
Thuá»‘c viÃªn Ä‘áº·t trÄ© chá»¯ A: chá»‰ Ä‘á»‹nh Ä‘iá»u trá»‹ trÄ© ná»™i. 
ViÃªn Ä‘áº·t trá»‹ trÄ© chá»¯ A Nháº­t Báº£n chiáº¿t xuáº¥t tá»« cÃ¡c loáº¡i tháº£o dÆ°á»£c thiÃªn nhiÃªn lÃ  má»™t trong nhá»¯ng loáº¡i thuá»‘c trÄ© hiá»‡u quáº£ nháº¥t hiá»‡n nay giÃºp ngÆ°á»i bá»‡nh nhanh chÃ³ng xÃ³a tan má»i cÆ¡n Ä‘au buá»‘t, khÃ³ chá»‹u do bá»‹ bung trÄ©. 
 CÃ”NG Dá»¤NG: 
Giáº£m ngay triá»‡u chá»©ng Ä‘au rÃ¡t, ngá»©a, khÃ³ chá»‹u 
TÃ¡c dá»¥ng lÃ m má»m mÃºi trÄ©, tiÃªu trÄ© 
Thuá»‘c khÃ´ng gÃ¢y Ä‘au Ä‘á»›n, nÃ³ng rÃ¡t khi sá»­ dá»¥ng 
Thuá»‘c dÃ nh Ä‘áº·c trá»‹ bá»‡nh trÄ© ná»™i hiá»‡u quáº£ 
CÃ¡ch sá»­ dá»¥ng: 
NgÃ y 1-2 láº§n, má»—i láº§n 1 viÃªn. 
Chá»‰ dÃ¹ng cho ngÆ°á»i trÃªn 15 tuá»•i. 
Sá»­ dá»¥ng hiá»‡u quáº£ nháº¥t sau khi Ä‘i vá»‡ sinh, sau khi táº¯m hoáº·c trÆ°á»›c khi Ä‘i ngá»§. 
NÃªn báº£o quáº£n ngÄƒn mÃ¡t tá»§ láº¡nh Ä‘á»ƒ viÃªn thuá»‘c cá»©ng, dá»… Ä‘Ãºt.",https://nawanashop.com/wp-content/uploads/2020/09/81g35-msvLL._AC_SL1500_.jpg,https://nawanashop.com/sáº£n pháº©m/vien-tri-dut-hau-mon-chu-a-nhat-ban/,"KEM DÆ¯á» NG DA, Sáº¢N PHáº¨M CHá»¨C NÄ‚NG CHO BÃ‰","NawanaShop",650000VND,out of stock,JPDD007_879,https://nawanashop.com/472-2/?add-to-cart=879,"https://nawanashop.com/wp-content/uploads/2020/09/71KhEfTb0L._AC_SL1500_.jpg,https://nawanashop.com/wp-content/uploads/2020/09/81g5KgxU6ML._AC_SL1500_.jpg,https://nawanashop.com/wp-content/uploads/2020/09/81mHXgQHfQL._AC_SL1500_.jpg,https://nawanashop.com/wp-content/uploads/2020/09/81pGlfRjAgL._AC_SL1500_.jpg,https://nawanashop.com/wp-content/uploads/2020/09/813vTX5enGL._AC_SL1500_.jpg",1970-01-29T00:00+00:00/2038-01-17T23:59+00:00,599000VND,new,published,,
JPDD006_873,"NÆ¯á»šC SÃšC MIá»†NG Propolinse Nháº­t Báº£n","NÆ¯á»šC SÃšC MIá»†NG Propolinse Nháº­t Báº£n review ngÃºt ngÃ n trÃªn internet , Háº¾T HÃ”I MIá»†NG, LÃ€M TRáº®NG RÄ‚NG, Láº¤Y CAO RÄ‚NG, CHá»NG UNG THÆ¯ VÃ’M Há»ŒNG.. 
 
 
 Pháº£n há»“i cá»§a khÃ¡ch: 
 
 
â¤ 'Em chÆ°a Ä‘i láº¥y cao rÄƒng bao giá» nÃªn nÃ³ ra cáº£ Ä‘á»‘ng, cáº£ táº£ng máº£ng bÃ¡m trong rÄƒng.' 
â¤ 'Em tháº¥y ai cÅ©ng nÃªn dÃ¹ng, tháº­t sá»±, tháº­t sá»± ráº¥t cáº§n thiáº¿t Ã½. Äáº·c biá»‡t lÃ  nhá»¯ng ngÆ°á»i hay hÃºt thuá»‘c lÃ¡, hay pháº£i Ä‘i láº¥y cao rÄƒng,.... MÃ  Váº¤N Äá»€ RÄ‚NG MIá»†NG THÃŒ KHÃ”NG NÃŠN XEM NHáº¸.' 
 
 
NÆ°á»›c xÃºc miá»‡ng tháº§n thÃ¡nh - NÆ°á»›c sÃºc miá»‡ng Nháº­t Báº£n Propolinse 
 
 
NhÃ¬n vÃ o cÃ¡i cá»‘c vá»«a sÃºc miá»‡ng xong lÃ  biáº¿t sá»©c máº¡nh Ä‘Ã¡nh bay máº£ng bÃ¡m cá»§a nÃ³ lÃ  nhÆ° tháº¿ nao.( Ko dÃ¡m Ä‘Äƒng háº¿t áº£nh káº»o khÃ¡ch nhÃ¬n xong ' Li VÆ¡ phun' ra máº¥t) 
 
 
báº£o sao nÃ³ dc má»‡nh danh thÃªm 2 chá»¯ ' Tháº§n thÃ¡nh': 
 
 
DÃ¹ng cÃ¡i nÃ y rá»“i thÃ¬ khá»i cáº§n Ä‘i láº¥y cao rÄƒng. QuÃ¡ nháº¹ nhÃ ng vÃ  Ãªm Ã¡i, láº¡i k bá»‹ Ãª buá»‘t rÄƒng hay tá»‘n kÃ©m nhiá»u. 1 lá» dÃ¹ng cho cáº£ nhÃ  luÃ´n. 
 
 
Ngáº­m nÆ°á»›c sÃºc miá»‡ng nÃ y 1 lÃºc (chá»‰ ngáº­m thÃ´i, k sÃºc nhÃ©). Táº§m 2-5' thÃ´i. Nhá»• ra cá»‘c mÃ  xem thÃ nh quáº£ nha. Háº¿t há»“n con chá»“n luÃ´n Ã½. NÃ³ bÃ³c tÃ¡ch máº£ng bÃ¡m bá»‹ cÃ¡u láº¡i lÃ¢u ngÃ y á»Ÿ trong rÄƒng ra. 
 
 
Má»—i ngÃ y chá»‰ lÃ m duy nháº¥t 1 láº§n, má»—i láº§n táº§m 2-5'. 
 
 
LÃ m xong cáº£m tháº¥y rÄƒng sáº¡ch láº¯m luÃ´n. Háº³n lÃ  kin kÃ­t nhÃ¡ . Miá»‡ng k cÃ³ mÃ¹i gÃ¬ luÃ´n. 
 
 
MÃ u tráº¯ng CÅ©ng lÃ m sáº¡ch nhÆ°ng cÃ³ thÃªm cháº¥t táº©y tráº¯ng lÃ m rÄƒng tráº¯ng sÃ¡ng hÆ¡n 
 
 
HÃ ng sáºµn Ä‘am báº£o chuáº©n 100%",https://nawanashop.com/wp-content/uploads/2020/09/71gNXlSxPEL._AC_SL1500_.jpg,https://nawanashop.com/sáº£n pháº©m/nuoc-suc-mieng-propolinse-nhat-ban/,"KEM DÆ¯á» NG DA","NawanaShop",295000VND,in stock,JPDD006_873,https://nawanashop.com/472-2/?add-to-cart=873,"https://nawanashop.com/wp-content/uploads/2020/09/115995708_116238270180653_2981701543902077737_n.jpg,https://nawanashop.com/wp-content/uploads/2020/09/116294012_116238313513982_8371549770328049436_n.jpg,https://nawanashop.com/wp-content/uploads/2020/09/116438955_116238253513988_8115719219880438040_n.jpg",1970-01-29T00:00+00:00/2038-01-17T23:59+00:00,199000VND,new,published,,
JPDD005_857,"KEM TRá»Š Ná»T RUá»’I TSUBUPORON NIGHT PATCH 20g","Thá»•i bay ná»‘t ruá»“i cá»©ng Ä‘áº§u Ä‘Ã¡ng ghÃ©t khÃ´ng cáº§n tháº©m má»¹ hay pháº«u thuáº­t, khÃ´ng Ä‘au láº¡i Ãªm ru nÃ¨ 
 
KEM TRá»Š Ná»T RUá»’I TSUBUPORON NIGHT PATCH 20g 
 
 
 GiÃºp loáº¡i bá» ná»‘t ruá»“i ruá»“i an toÃ n vÃ  hiá»‡u qá»§a nháº¥t, sáº£n pháº©m khÃ´ng há» chá»©a axit salicylic nÃªn an toÃ n cho da. 
 
 
+ Tsubuporon sá»­ dá»¥ng gáº¥p 10 láº§n lÆ°á»£ng háº¡t coix Ä‘á»ƒ cung cáº¥p cho báº¡n sáº£n pháº©m Ä‘á»ƒ Ä‘iá»u trá»‹ nhá»¯ng váº¿t báº©n khÃ³ chá»‹u nÃ y vÃ  mang láº¡i lÃ n da tráº¯ng sÃ¡ng. 
 
 
- ÄÆ°Æ¡Ì£c chiÃªÌt xuÃ¢Ìt tÆ°Ì€ 46 loaÌ£i thaÌ‰o mÃ´Ì£c tÆ°Ì£ nhiÃªn, an toaÌ€n khÃ´ng gÃ¢y kiÌch Æ°Ìng cho da. 
 
 
 Khi sá»­ dá»¥ng nÃªn lÃ m sáº¡ch da vÃ  serum thoa lÃªn khi lÃ n da hoÃ n toÃ n khÃ´ rÃ¡o. NgÃ y 1 láº§n vÃ o ban Ä‘Ãªm. KhÃ´ng rá»­a da sau khi sá»­ dá»¥ng - hÃ£y chá» cho Ä‘áº¿n khi bá» máº·t khÃ´ vÃ  bÃ³c ra nhÃ© !!!",https://nawanashop.com/wp-content/uploads/2020/09/51N5gPUZHaL._AC_SL1500_.jpg,https://nawanashop.com/sáº£n pháº©m/kem-tri-not-ruoi-tsubuporon-night-patch-20g/,"KEM DÆ¯á» NG DA","NawanaShop",520000VND,in stock,JPDD005_857,https://nawanashop.com/472-2/?add-to-cart=857,"https://nawanashop.com/wp-content/uploads/2020/09/21qwFgcIEJL._AC_.jpg,https://nawanashop.com/wp-content/uploads/2020/09/51KjB4sOMnL._AC_SL1500_.jpg,https://nawanashop.com/wp-content/uploads/2020/09/81QclrtGGuL._AC_SL1500_.jpg,https://nawanashop.com/wp-content/uploads/2020/09/91yczHmBjLL._AC_SL1500_.jpg",1970-01-29T00:00+00:00/2038-01-17T23:59+00:00,499000VND,new,published,,
JPDD004_849,"KEM Máº®T MEISHOKU - TRá»Š THÃ‚M, CHá»NG LÃƒO HOÃ VÃ™NG Máº®T","KEM Máº®T MEISHOKU - TRá»Š THÃ‚M, CHá»NG LÃƒO HOÃ VÃ™NG Máº®T 
Kem máº¯t lÃ  siÃªu quan trá»ng luÃ´n Ä‘Ã³ máº¥y cháº¿ vÃ¬ vÃ¹ng da máº¯t lÃ  nÆ¡i nháº¡y cáº£m vÃ  dá»… bá»‹ lÃ£o hoÃ¡ nháº¥t. 
 Máº¥y cháº¿ nÃªn táº­p dÃ¹ng kem máº¯t ngay Ä‘i nhen nháº¥t lÃ  máº¥y cháº¿ hay thá»©c khuya, Ä‘á»ƒ ná»¯a lÃ  da máº¯t bá»‹ lÃ£o hoÃ¡ muá»‘n chá»¯a thÃ¬ siÃªu tá»‘n kÃ©m mÃ  káº¿t quáº£ cÅ©ng khÃ´ng cao Ä‘Ã¢u áº¡ 
P cáº£m nháº­n lÃ  e thÃ¢m máº¯t Nháº­t nÃ y sáº½ lÃ  chÃ¢n Ã¡i cho tá»¥i mÃ¬n Ä‘Ã³  
Em bÃ© bá»± táº­n 30ml (dÃ¹ng gáº§n cáº£ nÄƒm luÃ´n Ã­) 
 E nÃ y hiá»‡u quáº£ mÃ  zÃ¡ láº¡i há»£p lÃ­ Ä‘á»‘i vá»›i xá»‹ e mÃ¬n láº¯m lun Ä‘Ã³  
Chiáº¿t xuáº¥t nhau thai cÃ¹ng vitamin E ngáº¥m sÃ¢u vÃ o da, ngÄƒn cháº·n sá»± sáº£n xuáº¥t melanin â€“ káº» thÃ¹ gÃ¢y nÃªn nhá»¯ng váº¥n Ä‘á» sáº¯c tá»‘ trÃªn da, giÃºp vÃ¹ng da quanh máº¯t tráº¯ng sÃ¡ng, chá»‘ng láº¡i sá»± xá»‰n mÃ u. 
Nhau thai vÃ  vitamin E cÅ©ng Ä‘Æ°á»£c biáº¿t Ä‘áº¿n vá»›i kháº£ nÄƒng chá»‘ng oxi hÃ³a, chá»‘ng lÃ£o hÃ³a tuyá»‡t vá»i. 
ChÃºng thÃºc Ä‘áº©y quÃ¡ trÃ¬nh trao Ä‘á»•i cháº¥t vÃ  tÄƒng tuáº§n hoÃ n mÃ¡u dÆ°á»›i da. 
Trá»‹ quáº§ng thÃ¢m máº¯t, ngÄƒn cháº·n sá»± xuáº¥t hiá»‡n cá»§a cÃ¡c váº¿t Ä‘á»“i má»“i, Ä‘á»‘m nÃ¢u. 
Cáº£i thiá»‡n náº¿p nhÄƒn, Ä‘Æ°á»ng fine line gÃ¢y ra bá»Ÿi sá»± khÃ´ da, mÃ¡u kÃ©m lÆ°u thÃ´ng. 
Cháº¥t kem dÃ y, kháº£ nÄƒng dÆ°á»¡ng áº©m tuyá»‡t vá»i vá»›i collagen, glycerin. 
Chiáº¿t xuáº¥t tá»« háº¡t Ã½ dÄ© giÃºp lÃ m tráº¯ng, dÆ°á»¡ng áº©m, ngÄƒn ngá»«a sá»± thÃ´ rÃ¡p cá»§a da. 
Cung cáº¥p Ä‘á»™ áº©m, Ä‘á»™ Ä‘Ã n há»“i, loáº¡i bá» sá»± má»‡t má»i cho Ä‘Ã´i máº¯t. 
LÃ m giáº£m sá»± cháº£y xá»‡, lÃ m sÄƒn cháº¯c vÃ¹ng da quanh máº¯t. 
Sá»­ dá»¥ng tá»‘t cho cáº£ vÃ¹ng quanh miá»‡ng 
 Máº¥y cháº¿ Ä‘á»«ng cháº§n chá»« Ä‘áº§u tÆ° cho mÃ¬nh 1 tuÃ½t kem máº¯t Ä‘i nha, Ä‘áº£m báº£o sáº½ khÃ´ng há»‘i háº­n Ä‘Ã¢u áº¡",https://nawanashop.com/wp-content/uploads/2020/09/710te49VpvL._AC_SL1200_.jpg,https://nawanashop.com/sáº£n pháº©m/kem-mat-meishoku-tri-tham-chong-lao-hoa-vung-mat/,"KEM DÆ¯á» NG DA","NawanaShop",300000VND,in stock,JPDD004_849,https://nawanashop.com/472-2/?add-to-cart=849,"https://nawanashop.com/wp-content/uploads/2020/09/81c-vZNsASL._AC_SL1500_.jpg,https://nawanashop.com/wp-content/uploads/2020/09/81GKpc1aP9L._AC_SL1500_.jpg,https://nawanashop.com/wp-content/uploads/2020/09/81iN4ibdfpL._AC_SL1500_.jpg,https://nawanashop.com/wp-content/uploads/2020/09/81ttZmnO-L._AC_SL1500_.jpg,https://nawanashop.com/wp-content/uploads/2020/09/110302887_116217430182737_451688019987134545_n.jpg",1970-01-29T00:00+00:00/2038-01-17T23:59+00:00,249000VND,new,published,,
JPDD003_806,"Máº¶T Náº  HADAOMOI NHáº¬T","Máº¶T Náº  HADAOMOI Nháº­t - máº·t náº¡ quá»‘c dÃ¢n Ä‘ang Ä‘Æ°á»£c má»i ngÆ°á»i sÄƒn lÃ¹ng Ä‘Ã¢y áº¡  
Bá»‹ch 30_miáº¿ng 
 CÃ³ 3 mÃ u: 
 MÃ u há»“ng: Máº·t náº¡ táº¿ bÃ o gá»‘c giÃºp chá»¯a lÃ nh, lÃ m Ä‘áº§y cÃ¡c vÃ¹ng sáº¹o má»¥n, xÃ³a má» nÃ¡m, thÃ¢m vÃ  náº¿p nhÄƒn hiá»‡u quáº£ trÃªn da 
- LÃ m dá»‹u da sau khi lÄƒn kim, Ä‘i laser, báº¯n CO2, giÃºp khÃ´i phá»¥c vÃ  tÃ¡i táº¡o da bá»‹ tá»•n thÆ°Æ¡ng nhanh chÃ³ng. 
- Äáº¯p máº·t náº¡ táº¿ bÃ o gá»‘c dÆ°á»¡ng da lÃ  cÃ¡ch thá»©c tá»‘t nháº¥t Ä‘á»ƒ báº¡n chá»‘ng láº¡i sá»± lÃ£o hÃ³a, kÃ­ch thÃ­ch sáº£n sinh táº¿ bÃ o má»›i, nhá»¯ng váº¿t ná»©t chÃ¢n chim, váº¿t nhÄƒn trÃªn trÃ¡n, khÃ³e mÃ´i dáº§n dáº§n má» Ä‘i vÃ  biáº¿n máº¥t sau má»™t thá»i gian kiÃªn trÃ¬ sá»­ dá»¥ng sáº£n pháº©m. 
- NgoÃ i ra, sáº£n pháº©m nÃ y cÃ²n giÃºp da bá»• sung Ä‘á»™ áº©m, dÆ°á»¡ng da tráº¯ng há»“ng nhá» tÃ¡c dá»¥ng tá»« táº¿ bÃ o gá»‘c, yáº¿u tá»‘ tÄƒng trÆ°á»Ÿng vÃ  peptide sinh há»c. 
MÃ u tráº¯ng: Máº·t náº¡ tráº¯ng da, cáº¥p nÆ°á»›c 
- GiÃ u collagen, ceramide, Ä‘áº­u nÃ nh vÃ  double hyaluronic acid. 
- GiÃºp dÆ°á»¡ng áº©m, cáº¥p nÆ°á»›c, mang Ä‘áº¿n lÃ n da má»m máº¡i, cÄƒng má»‹n. 
- Dáº¡ng gel gá»‘c nÆ°á»›c, tan nhanh vÃ o da vÃ  khÃ´ng gÃ¢y nhá»n rÃ­t 
 MÃ u tÃ­m: Máº·t náº¡ ngá»§ cung cáº¥p & giá»¯ Ä‘á»™ áº©m 
- Vá»›i cÃ¡c tinh cháº¥t siÃªu Ä‘áº­m Ä‘áº·c giÃºp tÃ¡i táº¡o da, dÆ°á»¡ng áº©m & chá»‘ng lÃ£o hoÃ¡. 
- Da sáº½ khÃ¡c biá»‡t sau má»™t Ä‘Ãªm  
===============================",https://nawanashop.com/wp-content/uploads/2020/09/dapmatHada.jpg,https://nawanashop.com/sáº£n pháº©m/mat-na-hadaomoi-nhat/,"KEM DÆ¯á» NG DA","NawanaShop",195000VND,in stock,JPDD003_806,https://nawanashop.com/472-2/?add-to-cart=806,"https://nawanashop.com/wp-content/uploads/2020/09/104497133_1733598550125889_8660928807087802561_n.jpg,https://nawanashop.com/wp-content/uploads/2020/09/m33eps3D.jpeg,https://nawanashop.com/wp-content/uploads/2020/09/TbhB-12g.jpeg",1970-01-29T00:00+00:00/1970-01-30T23:59+00:00,195000VND,new,published,,
JPDD002_L4_800,"NÆ°á»›c hoa há»“ng Hada Labo Nháº­t Super Hyaluronic Acid Lotion 4.90 out of 5","LOáº I Sáº¢N PHáº¨M: Tráº¯ng da khÃ´",https://nawanashop.com/wp-content/uploads/2020/09/104975966_1733599153459162_4619783529938612894_n.jpg,https://nawanashop.com/sáº£n pháº©m/nuoc-hoa-hong-hada-labo-nhat-super-hyaluronic-acid-lotion-4-90-out-of-5/?attribute_loai-san-pham=Tr%E1%BA%AFng+da+kh%C3%B4,"KEM DÆ¯á» NG DA","NawanaShop",285000VND,in stock,JPDD002_796,https://nawanashop.com/472-2/?add-to-cart=796&variation_id=800&attribute_loai-san-pham=Tr%E1%BA%AFng+da+kh%C3%B4,"https://nawanashop.com/wp-content/uploads/2020/09/105594861_1733599120125832_1140087708006595639_n.jpg,https://nawanashop.com/wp-content/uploads/2020/09/106099883_1733599093459168_8326025730584681346_n.jpg,https://nawanashop.com/wp-content/uploads/2020/09/a707f8af91d8b2fc8404ded527a0d68d.jpg,https://nawanashop.com/wp-content/uploads/2020/09/f33a1e045236f8a03e413e8811219ad9.jpg",1970-01-29T00:00+00:00/1970-01-30T23:59+00:00,285000VND,new,published,,"loai-san-pham:DÆ°á»¡ng áº©m da dáº§u/DÆ°á»¡ng áº©m da khÃ´/Tráº¯ng da dáº§u/Tráº¯ng da khÃ´:Tráº¯ng da khÃ´"
JPDD002_L3_799,"NÆ°á»›c hoa há»“ng Hada Labo Nháº­t Super Hyaluronic Acid Lotion 4.90 out of 5","LOáº I Sáº¢N PHáº¨M: Tráº¯ng da dáº§u",https://nawanashop.com/wp-content/uploads/2020/09/104975966_1733599153459162_4619783529938612894_n.jpg,https://nawanashop.com/sáº£n pháº©m/nuoc-hoa-hong-hada-labo-nhat-super-hyaluronic-acid-lotion-4-90-out-of-5/?attribute_loai-san-pham=Tr%E1%BA%AFng+da+d%E1%BA%A7u,"KEM DÆ¯á» NG DA","NawanaShop",285000VND,in stock,JPDD002_796,https://nawanashop.com/472-2/?add-to-cart=796&variation_id=799&attribute_loai-san-pham=Tr%E1%BA%AFng+da+d%E1%BA%A7u,"https://nawanashop.com/wp-content/uploads/2020/09/105594861_1733599120125832_1140087708006595639_n.jpg,https://nawanashop.com/wp-content/uploads/2020/09/106099883_1733599093459168_8326025730584681346_n.jpg,https://nawanashop.com/wp-content/uploads/2020/09/a707f8af91d8b2fc8404ded527a0d68d.jpg,https://nawanashop.com/wp-content/uploads/2020/09/f33a1e045236f8a03e413e8811219ad9.jpg",1970-01-29T00:00+00:00/1970-01-30T23:59+00:00,285000VND,new,published,,"loai-san-pham:DÆ°á»¡ng áº©m da dáº§u/DÆ°á»¡ng áº©m da khÃ´/Tráº¯ng da dáº§u/Tráº¯ng da khÃ´:Tráº¯ng da dáº§u"
JPDD002_L2_798,"NÆ°á»›c hoa há»“ng Hada Labo Nháº­t Super Hyaluronic Acid Lotion 4.90 out of 5","LOáº I Sáº¢N PHáº¨M: DÆ°á»¡ng áº©m da dáº§u",https://nawanashop.com/wp-content/uploads/2020/09/a707f8af91d8b2fc8404ded527a0d68d.jpg,https://nawanashop.com/sáº£n pháº©m/nuoc-hoa-hong-hada-labo-nhat-super-hyaluronic-acid-lotion-4-90-out-of-5/?attribute_loai-san-pham=D%C6%B0%E1%BB%A1ng+%E1%BA%A9m+da+d%E1%BA%A7u,"KEM DÆ¯á» NG DA","NawanaShop",275000VND,in stock,JPDD002_796,https://nawanashop.com/472-2/?add-to-cart=796&variation_id=798&attribute_loai-san-pham=D%C6%B0%E1%BB%A1ng+%E1%BA%A9m+da+d%E1%BA%A7u,"https://nawanashop.com/wp-content/uploads/2020/09/104975966_1733599153459162_4619783529938612894_n.jpg,https://nawanashop.com/wp-content/uploads/2020/09/105594861_1733599120125832_1140087708006595639_n.jpg,https://nawanashop.com/wp-content/uploads/2020/09/106099883_1733599093459168_8326025730584681346_n.jpg,https://nawanashop.com/wp-content/uploads/2020/09/a707f8af91d8b2fc8404ded527a0d68d.jpg,https://nawanashop.com/wp-content/uploads/2020/09/f33a1e045236f8a03e413e8811219ad9.jpg",1970-01-29T00:00+00:00/1970-01-30T23:59+00:00,275000VND,new,published,default,"loai-san-pham:DÆ°á»¡ng áº©m da dáº§u/DÆ°á»¡ng áº©m da khÃ´/Tráº¯ng da dáº§u/Tráº¯ng da khÃ´:DÆ°á»¡ng áº©m da dáº§u"
JPDD002_L1_797,"NÆ°á»›c hoa há»“ng Hada Labo Nháº­t Super Hyaluronic Acid Lotion 4.90 out of 5","LOáº I Sáº¢N PHáº¨M: DÆ°á»¡ng áº©m da khÃ´",https://nawanashop.com/wp-content/uploads/2020/09/f33a1e045236f8a03e413e8811219ad9.jpg,https://nawanashop.com/sáº£n pháº©m/nuoc-hoa-hong-hada-labo-nhat-super-hyaluronic-acid-lotion-4-90-out-of-5/?attribute_loai-san-pham=D%C6%B0%E1%BB%A1ng+%E1%BA%A9m+da+kh%C3%B4,"KEM DÆ¯á» NG DA","NawanaShop",275000VND,in stock,JPDD002_796,https://nawanashop.com/472-2/?add-to-cart=796&variation_id=797&attribute_loai-san-pham=D%C6%B0%E1%BB%A1ng+%E1%BA%A9m+da+kh%C3%B4,"https://nawanashop.com/wp-content/uploads/2020/09/104975966_1733599153459162_4619783529938612894_n.jpg,https://nawanashop.com/wp-content/uploads/2020/09/105594861_1733599120125832_1140087708006595639_n.jpg,https://nawanashop.com/wp-content/uploads/2020/09/106099883_1733599093459168_8326025730584681346_n.jpg,https://nawanashop.com/wp-content/uploads/2020/09/a707f8af91d8b2fc8404ded527a0d68d.jpg,https://nawanashop.com/wp-content/uploads/2020/09/f33a1e045236f8a03e413e8811219ad9.jpg",1970-01-29T00:00+00:00/1970-01-30T23:59+00:00,275000VND,new,published,,"loai-san-pham:DÆ°á»¡ng áº©m da dáº§u/DÆ°á»¡ng áº©m da khÃ´/Tráº¯ng da dáº§u/Tráº¯ng da khÃ´:DÆ°á»¡ng áº©m da khÃ´"
JPDD001_785,"Táº¨Y DA CHáº¾T TRáº®NG DA TOÃ€N THÃ‚N WHITE CONC","Táº¨Y DA CHáº¾T TRáº®NG DA TOÃ€N THÃ‚N 
WHITE CONC . 
SAU Sá»° THÃ€NH CÃ”NG VANG Dá»˜I Cá»¦A Sá»®A Táº®M THÃŒ ÄÃƒ CÃ“ Táº¨Y DA CHáº¾T CÃ™NG LOáº I... XUáº¤T Sáº®C KO TÆ¯á»NG 
Ai Ä‘Ã£ táº­u cho mÃ¬nh 1 chai sá»¯a táº¯m thÃ¬ Ä‘á»«ng quÃªn bá» qua em táº©y da cháº¿t nÃ y nha 
Táº©y táº¿ bÃ o cháº¿t dÆ°á»¡ng tráº¯ng White Conc 
 
Táº©y da cháº¿t WhiteConc cÃ³ tÃ¡c dá»¥ng lÃ m má»m da, Ä‘Ã¡nh tan háº¯c tá»‘ trÃªn da nhanh chÃ³ng giÃºp cho lÃ n da tráº¯ng tá»± nhiÃªn vÃ  Ä‘áº·c biá»‡t khÃ´ng lÃ m tá»•n háº¡i cho da, Ä‘á»“ng thá»i táº©y táº¿ bÃ o cháº¿t vÃ  tÃ¡i táº¡o mÃ´ táº¿ bÃ o phá»¥c há»“i lÃ n da má»m máº¡i má»‹n mÃ ng. 
KÃ­ch thÃ­ch cÃ´ng á»§ tráº¯ng tá»‘i Ä‘a lÃ n da cho báº¡n 
Táº©y da cháº¿t lÃ  má»™t trong nhá»¯ng bÆ°á»›c chÄƒm sÃ³c da vÃ´ cÃ¹ng quan trá»ng mÃ  nhiá»u báº¡n Ä‘Ã£ bá» quÃªn. 
Chá»‰ vá»›i 1-2 láº§n táº©y da cháº¿t/ tuáº§n, lÃ n da cá»§a cÃ¡c báº¡n sáº½ Ä‘Æ°á»£c lÃ m sáº¡ch, bá» Ä‘i lá»›p bá»¥i báº©n vÃ  táº¿t bÃ o cháº¿t cÃ²n sÃ³t láº¡i trÃªn da khi táº¯m báº±ng sá»¯a táº¯m thÆ°á»ng khÃ´ng thá»ƒ loáº¡i bá» Ä‘Æ°á»£c, vÃ¬ váº­y cÅ©ng chá»‘ng bÃ­t táº¯c lá»— chÃ¢n lÃ´ng gÃ¢y ra cÃ¡c bá»‡nh nhÆ° viÃªm lá»— chÃ¢n lÃ´ng,â€¦ 
Táº©y da cháº¿t White Conc giÃºp báº¡n loáº¡i bá» da cháº¿t, da sáº§n sÃ¹i mang láº¡i lÃ n da tráº¯ng má»‹n.",https://nawanashop.com/wp-content/uploads/2020/09/105675809_1733655516786859_8266162563763978175_n.jpg,https://nawanashop.com/sáº£n pháº©m/tay-da-chet-trang-da-toan-than-white-conc/,"KEM DÆ¯á» NG DA","NawanaShop",420000VND,in stock,JPDD001_785,https://nawanashop.com/472-2/?add-to-cart=785,"https://nawanashop.com/wp-content/uploads/2020/09/8r8qPqNA.jpeg,https://nawanashop.com/wp-content/uploads/2020/09/13a87f049c48fa038137da6d7b16b7ac.jpg,https://nawanashop.com/wp-content/uploads/2020/09/045a44b053b39cf9853074a7594f4550.jpg,https://nawanashop.com/wp-content/uploads/2020/09/423cfcb37ce492a077ae70ed0f789d50.jpg,https://nawanashop.com/wp-content/uploads/2020/09/c385469005d87a40902b88173a70e5dd.jpg",1970-01-29T00:00+00:00/2038-01-17T23:59+00:00,365000VND,new,published,,
